atm_id,bank_name,lat,lon,district,state,monthly_txn_vol,risk_zone,x_m,y_m,spatial_cluster,risk_score,peak_hour
ATM00001,HDFC,26.758878,81.2617,Lucknow,Uttar Pradesh,909,MEDIUM,8257705.941061724,2970235.458,169,0.20711726956229667,18
ATM00002,AXIS,27.009096,81.015261,Lucknow,Uttar Pradesh,4157,LOW,8232663.137448098,2998009.656,84,0.4499149408235311,20
ATM00003,HDFC,26.605913,80.705396,Lucknow,Uttar Pradesh,11587,MEDIUM,8201175.068020224,2953256.3430000003,25,0.1487538824960782,15
ATM00004,UNION,26.537359,81.202523,Lucknow,Uttar Pradesh,1924,MEDIUM,8251692.452979709,2945646.849,111,0.43445379658349775,16
ATM00005,SBI,26.917481,81.091851,Lucknow,Uttar Pradesh,988,LOW,8240446.111444778,2987840.391,184,0.028215404284317427,19
ATM00006,AXIS,26.511109,81.275137,Lucknow,Uttar Pradesh,8779,MEDIUM,8259071.391141281,2942733.099,111,0.43445379658349775,16
ATM00007,UNION,27.07941,80.744837,Lucknow,Uttar Pradesh,3757,MEDIUM,8205183.010015302,3005814.51,110,0.3456711278711885,11
ATM00008,UNION,26.623977,80.724583,Lucknow,Uttar Pradesh,7373,LOW,8203124.82545689,2955261.447,25,0.1487538824960782,15
ATM00009,IDBI,26.70967,80.96353,Kanpur Nagar,Uttar Pradesh,5057,MEDIUM,8227406.301988872,2964773.37,59,0.44756106582626987,16
ATM00010,SBI,26.799062,80.80006,Kanpur Nagar,Uttar Pradesh,12932,MEDIUM,8210794.697872967,2974695.8819999998,143,0.4247862050362332,16
ATM00011,BOB,26.924997,80.693846,Kanpur Nagar,Uttar Pradesh,6074,LOW,8200001.372372467,2988674.667,65,0.2437161698877008,22
ATM00012,AXIS,26.701201,80.852653,Kanpur Nagar,Uttar Pradesh,13009,LOW,8216139.128626426,2963833.311,67,0.1952161335476843,17
ATM00013,HDFC,26.815949,81.145823,Kanpur Nagar,Uttar Pradesh,6724,LOW,8245930.67434527,2976570.339,131,0.19896571193361426,16
ATM00014,KOTAK,26.636472,80.956164,Kanpur Nagar,Uttar Pradesh,10391,LOW,8226657.7788597485,2956648.392,87,0.37628795274506144,19
ATM00015,SBI,26.91139,80.628715,Kanpur Nagar,Uttar Pradesh,12455,LOW,8193382.846724503,2987164.29,174,0.09707562722922249,16
ATM00016,HDFC,26.921981,80.715567,Kanpur Nagar,Uttar Pradesh,6701,LOW,8202208.631520945,2988339.891,65,0.2437161698877008,22
ATM00017,PNB,26.542236,81.26042,Gautam Buddh Nagar,Uttar Pradesh,14088,MEDIUM,8257575.869163097,2946188.196,111,0.43445379658349775,16
ATM00018,KOTAK,27.172642,81.162078,Gautam Buddh Nagar,Uttar Pradesh,9959,LOW,8247582.485839146,3016163.262,0,0.4887249136870239,22
ATM00019,HDFC,26.70993,80.66457,Gautam Buddh Nagar,Uttar Pradesh,1250,MEDIUM,8197026.384166086,2964802.23,57,0.7815283808883883,19
ATM00020,PNB,26.975663,80.904307,Gautam Buddh Nagar,Uttar Pradesh,1807,HIGH,8221388.139448001,2994298.593,182,0.05782093897988543,18
ATM00021,HDFC,26.582127,80.942824,Gautam Buddh Nagar,Uttar Pradesh,6727,LOW,8225302.185791258,2950616.097,87,0.37628795274506144,19
ATM00022,KOTAK,26.520772,81.232724,Gautam Buddh Nagar,Uttar Pradesh,3164,LOW,8254761.438456583,2943805.6920000003,111,0.43445379658349775,16
ATM00023,AXIS,26.677846,81.059966,Gautam Buddh Nagar,Uttar Pradesh,11480,LOW,8237206.000126275,2961240.906,108,0.24399551882106096,17
ATM00024,HDFC,26.714898,80.960248,Gautam Buddh Nagar,Uttar Pradesh,10480,MEDIUM,8227072.789511302,2965353.6780000003,59,0.44756106582626987,16
ATM00025,UNION,26.879397,80.725598,Ghaziabad,Uttar Pradesh,12446,LOW,8203227.968407755,2983613.0670000003,65,0.2437161698877008,22
ATM00026,CANARA,27.175409,81.138793,Ghaziabad,Uttar Pradesh,6716,LOW,8245216.295089537,3016470.3989999997,0,0.4887249136870239,22
ATM00027,UNION,27.154349,81.222579,Ghaziabad,Uttar Pradesh,4098,MEDIUM,8253730.517041301,3014132.739,115,0.05974607437872423,11
ATM00028,SBI,26.91523,81.241512,Ghaziabad,Uttar Pradesh,4252,MEDIUM,8255654.463335585,2987590.5300000003,44,0.20794781477651983,11
ATM00029,KOTAK,26.558645,80.733388,Ghaziabad,Uttar Pradesh,7072,LOW,8204019.577853297,2948009.5949999997,54,0.17168085245010734,9
ATM00030,AXIS,26.528359,80.823931,Ghaziabad,Uttar Pradesh,9792,HIGH,8213220.437163668,2944647.849,151,0.24666815761104202,20
ATM00031,KOTAK,26.768774,80.786144,Ghaziabad,Uttar Pradesh,3983,MEDIUM,8209380.572450095,2971333.914,143,0.4247862050362332,16
ATM00032,BOB,27.076816,80.845927,Ghaziabad,Uttar Pradesh,14994,HIGH,8215455.641446616,3005526.576,154,0.02897358937714206,16
ATM00033,CANARA,26.693354,80.976087,Varanasi,Uttar Pradesh,2840,LOW,8228682.327638125,2962962.2939999998,59,0.44756106582626987,16
ATM00034,AXIS,26.595347,81.157738,Varanasi,Uttar Pradesh,12705,MEDIUM,8247141.460807868,2952083.517,97,0.13729969726186167,11
ATM00035,PNB,26.548885,81.287021,Varanasi,Uttar Pradesh,12739,MEDIUM,8260279.027425085,2946926.235,111,0.43445379658349775,16
ATM00036,IDBI,27.037271,80.735301,Varanasi,Uttar Pradesh,7043,LOW,8204213.97437054,3001137.0810000002,110,0.3456711278711885,11
ATM00037,ICICI,26.500565,81.167023,Varanasi,Uttar Pradesh,8848,LOW,8248084.99016626,2941562.7150000003,166,0.03786578119975093,9
ATM00038,SBI,26.9915,81.106505,Varanasi,Uttar Pradesh,14608,LOW,8241935.231446701,2996056.5,82,0.2523744328825002,11
ATM00039,ICICI,27.036589,80.648031,Varanasi,Uttar Pradesh,13477,MEDIUM,8195345.712969703,3001061.3789999997,7,0.023613488817947396,14
ATM00040,IDBI,26.747626,80.677308,Varanasi,Uttar Pradesh,1540,LOW,8198320.8027947545,2968986.486,57,0.7815283808883883,19
ATM00041,IDBI,27.100872,81.032509,Agra,Uttar Pradesh,8168,MEDIUM,8234415.856282081,3008196.792,66,0.08382831841287033,19
ATM00042,UNION,26.728329,80.640691,Agra,Uttar Pradesh,14603,HIGH,8194599.83192602,2966844.519,57,0.7815283808883883,19
ATM00043,HDFC,26.714388,80.823828,Agra,Uttar Pradesh,11669,HIGH,8213209.970440576,2965297.068,67,0.1952161335476843,17
ATM00044,PNB,27.007424,81.04249,Agra,Uttar Pradesh,13092,MEDIUM,8235430.11223535,2997824.0640000002,84,0.4499149408235311,20
ATM00045,HDFC,27.117749,80.92675,Agra,Uttar Pradesh,5308,LOW,8223668.767276796,3010070.139,51,0.39822480469476634,17
ATM00046,CANARA,26.580416,81.095471,Agra,Uttar Pradesh,553,HIGH,8240813.971033079,2950426.176,177,0.024853835624769796,17
ATM00047,PNB,27.02925,80.989094,Agra,Uttar Pradesh,8701,MEDIUM,8230004.081689238,3000246.75,84,0.4499149408235311,20
ATM00048,UNION,27.036377,80.941857,Agra,Uttar Pradesh,2243,HIGH,8225203.920536593,3001037.847,84,0.4499149408235311,20
ATM00049,PNB,26.862613,80.895479,Prayagraj,Uttar Pradesh,14289,MEDIUM,8220491.049822165,2981750.043,56,0.025485174063857897,9
ATM00050,IDBI,26.514493,80.671724,Prayagraj,Uttar Pradesh,3758,LOW,8197753.3641369995,2943108.723,144,0.0,21
ATM00051,ICICI,26.5187,81.041687,Prayagraj,Uttar Pradesh,9337,HIGH,8235348.512442696,2943575.6999999997,167,0.18091132230604762,19
ATM00052,UNION,26.716749,80.952199,Prayagraj,Uttar Pradesh,509,MEDIUM,8226254.86083002,2965559.139,59,0.44756106582626987,16
ATM00053,CANARA,27.131997,80.770705,Prayagraj,Uttar Pradesh,819,LOW,8207811.681791593,3011651.667,89,0.34387648860182984,22
ATM00054,KOTAK,26.783968,81.125086,Prayagraj,Uttar Pradesh,14896,HIGH,8243823.407968861,2973020.4480000003,131,0.19896571193361426,16
ATM00055,PNB,26.656859,80.650086,Prayagraj,Uttar Pradesh,4423,LOW,8195554.539338199,2958911.349,181,0.02949553751772911,16
ATM00056,IDBI,26.699526,80.709055,Prayagraj,Uttar Pradesh,1790,LOW,8201546.890736687,2963647.386,57,0.7815283808883883,19
ATM00057,CANARA,27.147488,81.161884,Meerut,Uttar Pradesh,13869,LOW,8247562.771817012,3013371.168,0,0.4887249136870239,22
ATM00058,UNION,26.940083,81.206222,Meerut,Uttar Pradesh,13047,LOW,8252068.340443003,2990349.213,44,0.20794781477651983,11
ATM00059,CANARA,27.05927,80.726799,Meerut,Uttar Pradesh,9507,LOW,8203350.012431386,3003578.97,110,0.3456711278711885,11
ATM00060,UNION,27.121491,80.97374,Meerut,Uttar Pradesh,14793,MEDIUM,8228443.828617754,3010485.5009999997,51,0.39822480469476634,17
ATM00061,AXIS,27.061908,81.223464,Meerut,Uttar Pradesh,9335,MEDIUM,8253820.449564962,3003871.7879999997,93,0.2789491101886389,15
ATM00062,AXIS,26.719302,80.673236,Meerut,Uttar Pradesh,12180,LOW,8197907.011567252,2965842.522,57,0.7815283808883883,19
ATM00063,KOTAK,26.656255,80.895175,Meerut,Uttar Pradesh,7677,HIGH,8220460.157746241,2958844.305,183,0.035329658520349486,17
ATM00064,CANARA,27.06931,81.198711,Meerut,Uttar Pradesh,2482,LOW,8251305.082606615,3004693.41,93,0.2789491101886389,15
ATM00065,HDFC,26.501566,80.953723,Bareilly,Uttar Pradesh,6039,LOW,8226409.727684322,2941673.826,22,0.13615669120612467,17
ATM00066,UNION,26.788888,80.751675,Bareilly,Uttar Pradesh,4270,MEDIUM,8205877.878486242,2973566.568,143,0.4247862050362332,16
ATM00067,SBI,26.580606,80.832531,Bareilly,Uttar Pradesh,1663,MEDIUM,8214094.35773256,2950447.266,120,0.02437076938105656,11
ATM00068,SBI,27.156737,80.822442,Bareilly,Uttar Pradesh,4250,LOW,8213069.126962843,3014397.807,18,0.06074446265311362,16
ATM00069,SBI,26.859853,81.088313,Bareilly,Uttar Pradesh,14584,LOW,8240086.584587482,2981443.683,119,0.06752670893936297,22
ATM00070,UNION,26.751241,81.276447,Bareilly,Uttar Pradesh,4399,LOW,8259204.511600032,2969387.751,169,0.20711726956229667,18
ATM00071,CANARA,27.170413,80.772448,Bareilly,Uttar Pradesh,4010,MEDIUM,8207988.803134799,3015915.843,89,0.34387648860182984,22
ATM00072,IDBI,26.844774,80.806815,Bareilly,Uttar Pradesh,9940,LOW,8211481.131994231,2979769.9140000003,123,0.02668673203224539,20
ATM00073,CANARA,26.696088,80.622021,Aligarh,Uttar Pradesh,13730,LOW,8192702.611342158,2963265.768,57,0.7815283808883883,19
ATM00074,HDFC,26.923395,80.948075,Aligarh,Uttar Pradesh,2088,MEDIUM,8225835.7854316365,2988496.8449999997,62,0.05245682287217785,11
ATM00075,KOTAK,26.532735,80.791253,Aligarh,Uttar Pradesh,7439,LOW,8209899.742239219,2945133.585,151,0.24666815761104202,20
ATM00076,SBI,27.132486,80.763893,Aligarh,Uttar Pradesh,11532,MEDIUM,8207119.455406093,3011705.946,89,0.34387648860182984,22
ATM00077,HDFC,26.598126,80.938817,Aligarh,Uttar Pradesh,1493,LOW,8224894.999777356,2952391.986,87,0.37628795274506144,19
ATM00078,KOTAK,27.186655,80.765639,Aligarh,Uttar Pradesh,13616,HIGH,8207296.881605312,3017718.7049999996,89,0.34387648860182984,22
ATM00079,AXIS,26.967195,81.129334,Aligarh,Uttar Pradesh,3639,LOW,8244255.084082426,2993358.645,82,0.2523744328825002,11
ATM00080,CANARA,26.663046,81.105951,Aligarh,Uttar Pradesh,2796,LOW,8241878.934703077,2959598.106,108,0.24399551882106096,17
ATM00081,PNB,18.983448,72.970314,Mumbai City,Maharashtra,8079,LOW,7415146.316640428,2107162.728,12,0.1153960503635595,19
ATM00082,HDFC,19.169471,72.902742,Mumbai City,Maharashtra,7760,MEDIUM,7408279.739817036,2127811.281,130,0.6244119166917975,11
ATM00083,UNION,18.789203,73.112412,Mumbai City,Maharashtra,2104,LOW,7429586.126523965,2085601.533,75,0.1672622231891309,11
ATM00084,UNION,18.950546,72.658263,Mumbai City,Maharashtra,14197,LOW,7383436.108798183,2103510.606,180,0.09674678070487389,16
ATM00085,HDFC,18.754543,72.941325,Mumbai City,Maharashtra,12846,MEDIUM,7412200.492992567,2081754.2730000003,40,0.12980499130030326,22
ATM00086,ICICI,19.200295,72.539311,Mumbai City,Maharashtra,7158,LOW,7371348.364669014,2131232.745,81,0.1038337707103437,18
ATM00087,AXIS,19.084465,72.686247,Mumbai City,Maharashtra,14666,LOW,7386279.805681887,2118375.615,149,0.3770635150869998,17
ATM00088,SBI,19.177621,72.649757,Mumbai City,Maharashtra,3197,LOW,7382571.740384344,2128715.931,20,0.8544030051805716,11
ATM00089,BOB,19.209656,72.798415,Mumbai Suburban,Maharashtra,4845,HIGH,7397678.16874834,2132271.816,90,0.13967713705873616,17
ATM00090,CANARA,19.381711,72.623965,Mumbai Suburban,Maharashtra,5173,LOW,7379950.7916270355,2151369.921,15,0.0870591565080194,22
ATM00091,UNION,18.964746,72.607131,Mumbai Suburban,Maharashtra,11344,MEDIUM,7378240.142922765,2105086.8060000003,101,0.3705359123212408,11
ATM00092,ICICI,19.373286,73.141838,Mumbai Suburban,Maharashtra,3611,LOW,7432576.357530967,2150434.746,135,0.4760667828198638,10
ATM00093,SBI,18.906559,72.989689,Mumbai Suburban,Maharashtra,9989,MEDIUM,7417115.178387205,2098628.049,172,0.12364492435272838,20
ATM00094,SBI,19.298056,72.916341,Mumbai Suburban,Maharashtra,12754,LOW,7409661.6521212645,2142084.216,95,0.41076390755137326,17
ATM00095,SBI,19.096755,72.696997,Mumbai Suburban,Maharashtra,10071,LOW,7387372.2063930025,2119739.805,149,0.3770635150869998,17
ATM00096,UNION,18.791172,73.155751,Mumbai Suburban,Maharashtra,3079,LOW,7433990.1780978255,2085820.092,75,0.1672622231891309,11
ATM00097,UNION,19.356293,72.970871,Pune,Maharashtra,1812,HIGH,7415202.918240065,2148548.523,61,0.43696729248239424,11
ATM00098,HDFC,18.963321,72.772147,Pune,Maharashtra,10249,LOW,7395008.849503729,2104928.631,30,0.36088882725429106,22
ATM00099,AXIS,19.234169,73.155677,Pune,Maharashtra,7115,LOW,7433982.658316187,2134992.759,68,0.12036348251907317,20
ATM00100,IDBI,19.34696,73.073613,Pune,Maharashtra,4533,MEDIUM,7425643.42371554,2147512.56,64,0.09225126468816264,10
ATM00101,SBI,19.175422,72.586598,Pune,Maharashtra,10647,LOW,7376153.606755199,2128471.842,150,0.18080760043396762,11
ATM00102,IDBI,18.83914,73.156688,Pune,Maharashtra,9760,MEDIUM,7434085.394792368,2091144.54,23,0.2275662449575805,19
ATM00103,PNB,19.1505,72.534138,Pune,Maharashtra,3846,MEDIUM,7370822.691284958,2125705.5,153,0.1639915723975975,9
ATM00104,KOTAK,18.79703,72.992151,Pune,Maharashtra,4410,LOW,7417365.363554719,2086470.3299999998,132,0.2696352904772204,18
ATM00105,ICICI,18.729543,72.640266,Nagpur,Maharashtra,11504,MEDIUM,7381607.277579769,2078979.273,112,0.22425050592813794,20
ATM00106,CANARA,19.110114,73.012027,Nagpur,Maharashtra,5680,HIGH,7419385.136255567,2121222.654,55,0.2099458805038231,17
ATM00107,HDFC,19.182373,72.684689,Nagpur,Maharashtra,652,LOW,7386121.48379278,2129243.403,20,0.8544030051805716,11
ATM00108,IDBI,19.224525,72.693774,Nagpur,Maharashtra,2138,LOW,7387044.68941701,2133922.275,20,0.8544030051805716,11
ATM00109,AXIS,18.95378,73.050244,Nagpur,Maharashtra,8788,LOW,7423268.696997584,2103869.5799999996,37,0.07301898572741536,18
ATM00110,KOTAK,19.180743,73.122156,Nagpur,Maharashtra,14932,LOW,7430576.298852254,2129062.4729999998,10,0.1479403170166854,19
ATM00111,AXIS,19.186329,72.925516,Nagpur,Maharashtra,6554,LOW,7410594.003425867,2129682.519,130,0.6244119166917975,11
ATM00112,CANARA,18.791572,72.785101,Nagpur,Maharashtra,14160,MEDIUM,7396325.217765288,2085864.4919999999,32,0.27995807687922797,20
ATM00113,PNB,18.911642,72.698493,Nashik,Maharashtra,10521,HIGH,7387524.227924522,2099192.262,137,0.08632226179381321,10
ATM00114,UNION,19.407107,72.802868,Nashik,Maharashtra,628,MEDIUM,7398130.676689418,2154188.877,28,0.44856762285409096,20
ATM00115,UNION,19.350433,72.969497,Nashik,Maharashtra,5405,HIGH,7415063.2941863835,2147898.063,61,0.43696729248239424,11
ATM00116,HDFC,19.282368,72.879546,Nashik,Maharashtra,14887,LOW,7405922.593129127,2140342.848,95,0.41076390755137326,17
ATM00117,HDFC,19.129833,72.872462,Nashik,Maharashtra,2253,MEDIUM,7405202.726465169,2123411.463,176,0.15294793760146871,16
ATM00118,ICICI,18.86267,73.033416,Nashik,Maharashtra,4962,LOW,7421558.658005337,2093756.37,33,0.16810921051339323,17
ATM00119,AXIS,18.922541,72.544721,Nashik,Maharashtra,12257,LOW,7371898.12167805,2100402.051,104,0.22181758374245691,22
ATM00120,PNB,19.177831,72.651677,Nashik,Maharashtra,8780,LOW,7382766.848232284,2128739.241,20,0.8544030051805716,11
ATM00121,SBI,19.384321,73.19545,Thane,Maharashtra,2012,MEDIUM,7438024.33770997,2151659.631,98,0.10002847939940139,10
ATM00122,PNB,19.366405,72.786811,Thane,Maharashtra,1222,LOW,7396498.9856923595,2149670.955,28,0.44856762285409096,20
ATM00123,ICICI,18.73682,73.177523,Thane,Maharashtra,10938,HIGH,7436202.619798513,2079787.0200000003,45,0.09368290357907819,21
ATM00124,ICICI,19.025729,73.204358,Thane,Maharashtra,12644,LOW,7438929.556829469,2111855.9189999998,86,0.04394234095506095,9
ATM00125,BOB,19.400534,73.124807,Thane,Maharashtra,9689,LOW,7430845.689948549,2153459.274,135,0.4760667828198638,10
ATM00126,HDFC,18.932114,72.797268,Thane,Maharashtra,14968,MEDIUM,7397561.61213293,2101464.6539999996,30,0.36088882725429106,22
ATM00127,ICICI,19.321796,72.749545,Thane,Maharashtra,9438,LOW,7392712.064306274,2144719.3559999997,99,0.171938380621023,15
ATM00128,KOTAK,18.844645,72.917461,Thane,Maharashtra,10043,MEDIUM,7409775.465032562,2091755.595,116,0.11134871729060943,11
ATM00129,BOB,17.690308,78.623921,Hyderabad,Telangana,2588,LOW,7989658.34521389,1963624.188,16,0.3169964223623004,18
ATM00130,KOTAK,17.434043,78.204724,Hyderabad,Telangana,13543,HIGH,7947060.103269958,1935178.7729999998,5,0.9162054155799827,20
ATM00131,SBI,17.465505,78.829738,Hyderabad,Telangana,6362,LOW,8010573.195182222,1938671.055,136,0.17570015360475597,11
ATM00132,AXIS,17.133059,78.499531,Hyderabad,Telangana,11427,LOW,7977017.998752905,1901769.5489999999,102,0.2574721367115701,21
ATM00133,UNION,17.649161,78.655238,Hyderabad,Telangana,14985,HIGH,7992840.737127378,1959056.871,14,0.8393102001718077,10
ATM00134,IDBI,17.522911,78.628439,Hyderabad,Telangana,12779,LOW,7990117.4583685715,1945043.121,152,0.23645090490320606,11
ATM00135,AXIS,17.286644,78.342214,Hyderabad,Telangana,14665,LOW,7961031.654318442,1918817.484,155,0.11480430442875396,17
ATM00136,ICICI,17.601553,78.703779,Hyderabad,Telangana,14941,LOW,7997773.409026748,1953772.383,11,0.15676993873958298,18
ATM00137,ICICI,17.641951,78.775968,Rangareddy,Telangana,12567,HIGH,8005109.15925323,1958256.5609999998,106,0.11989160182926756,9
ATM00138,BOB,17.39294,78.487761,Rangareddy,Telangana,13643,MEDIUM,7975821.946997573,1930616.3399999999,8,0.7847968994899006,16
ATM00139,AXIS,17.593807,78.591675,Rangareddy,Telangana,4871,LOW,7986381.549555228,1952912.5770000003,14,0.8393102001718077,10
ATM00140,HDFC,17.526377,78.693755,Rangareddy,Telangana,6767,HIGH,7996754.783470634,1945427.847,109,0.08318778010709639,19
ATM00141,CANARA,17.658004,78.373297,Rangareddy,Telangana,4144,LOW,7964190.267462961,1960038.444,175,0.21357255331483257,22
ATM00142,CANARA,17.297908,78.202487,Rangareddy,Telangana,6228,LOW,7946832.782303376,1920067.788,162,0.1679639371657442,11
ATM00143,AXIS,17.439796,78.16186,Rangareddy,Telangana,4152,LOW,7942704.320564727,1935817.3560000001,5,0.9162054155799827,20
ATM00144,AXIS,17.360919,78.516551,Rangareddy,Telangana,7028,LOW,7978747.548529945,1927062.0089999998,8,0.7847968994899006,16
ATM00145,HDFC,17.235579,78.550283,Warangal Urban,Telangana,13170,LOW,7982175.349533416,1913149.269,105,0.26079504965712175,20
ATM00146,UNION,17.05635,78.162844,Warangal Urban,Telangana,7048,MEDIUM,7942804.313336796,1893254.8499999999,35,0.33685639641739523,21
ATM00147,UNION,17.61082,78.388833,Warangal Urban,Telangana,5925,HIGH,7965769.015132532,1954801.02,52,0.34620249805356973,16
ATM00148,HDFC,17.123942,78.50227,Warangal Urban,Telangana,14869,HIGH,7977296.33229223,1900757.562,102,0.2574721367115701,21
ATM00149,ICICI,17.573995,78.287775,Warangal Urban,Telangana,10012,HIGH,7955499.635498684,1950713.445,74,0.3890690400126122,18
ATM00150,PNB,17.471023,78.196443,Warangal Urban,Telangana,1126,LOW,7946218.599057052,1939283.5529999998,5,0.9162054155799827,20
ATM00151,BOB,17.071177,78.508648,Warangal Urban,Telangana,6163,MEDIUM,7977944.456174601,1894900.6469999999,76,0.18862522736149248,11
ATM00152,KOTAK,17.413445,78.582901,Warangal Urban,Telangana,7649,MEDIUM,7985489.947337618,1932892.395,27,0.3300940960708315,9
ATM00153,UNION,17.543264,78.819796,Nizamabad,Telangana,2394,LOW,8009562.902357114,1947302.304,73,0.19724421553428706,11
ATM00154,IDBI,17.39641,78.36277,Nizamabad,Telangana,3614,LOW,7963120.527715435,1931001.51,121,0.28124279731912616,22
ATM00155,BOB,17.59163,78.326283,Nizamabad,Telangana,527,MEDIUM,7959412.767273905,1952670.93,74,0.3890690400126122,18
ATM00156,UNION,17.34228,78.191619,Nizamabad,Telangana,11753,MEDIUM,7945728.390589106,1924993.0799999998,113,0.3024018420917348,22
ATM00157,AXIS,17.052746,78.810554,Nizamabad,Telangana,6467,LOW,8008623.742601567,1892854.8059999999,83,0.17134144679329086,11
ATM00158,KOTAK,17.620186,78.623882,Nizamabad,Telangana,10709,LOW,7989654.382085728,1955840.646,14,0.8393102001718077,10
ATM00159,HDFC,17.321267,78.258006,Nizamabad,Telangana,12292,HIGH,7952474.549287598,1922660.6369999999,170,0.1188356032187014,16
ATM00160,UNION,17.144506,78.31187,Nizamabad,Telangana,5567,MEDIUM,7957948.137371644,1903040.166,60,0.0952988030323093,9
ATM00161,KOTAK,17.419459,78.636917,Karimnagar,Telangana,7092,MEDIUM,7990978.981459625,1933559.949,157,0.13375446698380683,20
ATM00162,UNION,17.497138,78.332654,Karimnagar,Telangana,2585,LOW,7960060.179825581,1942182.318,19,0.09249377464984294,22
ATM00163,BOB,17.703406,78.653228,Karimnagar,Telangana,11597,MEDIUM,7992636.483599067,1965078.066,16,0.3169964223623004,18
ATM00164,ICICI,17.423048,78.564905,Karimnagar,Telangana,10584,MEDIUM,7983661.217737875,1933958.3280000002,27,0.3300940960708315,9
ATM00165,BOB,17.32872,78.310112,Karimnagar,Telangana,9477,MEDIUM,7957769.491748376,1923487.9200000002,125,0.2072079229774494,11
ATM00166,PNB,17.284181,78.667192,Karimnagar,Telangana,5200,LOW,7994055.486718138,1918544.091,124,0.20045570055192405,17
ATM00167,IDBI,17.045075,78.217951,Karimnagar,Telangana,10439,MEDIUM,7948404.213428648,1892003.3250000002,43,0.12018007459585302,11
ATM00168,CANARA,17.067202,78.16521,Karimnagar,Telangana,7738,LOW,7943044.743111912,1894459.4220000003,35,0.33685639641739523,21
ATM00169,AXIS,17.633822,78.629261,Khammam,Telangana,8875,LOW,7990200.98891597,1957354.2419999999,14,0.8393102001718077,10
ATM00170,ICICI,17.366922,78.205184,Khammam,Telangana,11294,LOW,7947106.847858527,1927728.342,113,0.3024018420917348,22
ATM00171,UNION,17.379131,78.46813,Khammam,Telangana,11376,MEDIUM,7973827.07087107,1929083.5410000002,8,0.7847968994899006,16
ATM00172,KOTAK,17.156241,78.440396,Khammam,Telangana,2030,MEDIUM,7971008.778655065,1904342.7510000002,9,0.26355746324443635,9
ATM00173,AXIS,17.313953,78.567795,Khammam,Telangana,11523,LOW,7983954.895696492,1921848.783,77,0.4749128538561327,22
ATM00174,AXIS,17.479566,78.168413,Khammam,Telangana,2914,LOW,7943370.227714488,1940231.826,5,0.9162054155799827,20
ATM00175,AXIS,17.297229,78.574802,Khammam,Telangana,8284,MEDIUM,7984666.9377227975,1919992.4190000002,77,0.4749128538561327,22
ATM00176,HDFC,17.387195,78.736243,Khammam,Telangana,7961,LOW,8001072.357555645,1929978.6449999998,92,0.20632405512155133,22
ATM00177,IDBI,27.023486,75.551354,Jaipur,Rajasthan,3685,MEDIUM,7677428.17072566,2999606.946,107,0.1080678437150886,17
ATM00178,BOB,26.611798,75.886993,Jaipur,Rajasthan,8599,LOW,7711535.35977477,2953909.578,48,1.0,10
ATM00179,ICICI,26.580958,75.847343,Jaipur,Rajasthan,11248,MEDIUM,7707506.179477494,2950486.338,4,0.49150860676943187,21
ATM00180,HDFC,27.220561,75.840132,Jaipur,Rajasthan,13253,LOW,7706773.407242346,3021482.271,53,0.23228178083865547,18
ATM00181,ICICI,26.834119,75.887602,Jaipur,Rajasthan,13674,HIGH,7711597.245545288,2978587.2090000003,26,0.0516564229529696,11
ATM00182,UNION,26.883177,75.819232,Jaipur,Rajasthan,8111,LOW,7704649.577022596,2984032.647,133,0.012897952687461783,11
ATM00183,AXIS,27.221425,75.707572,Jaipur,Rajasthan,14399,LOW,7693302.836240913,3021578.175,46,0.2012931586302884,10
ATM00184,ICICI,27.235233,76.071045,Jaipur,Rajasthan,13630,LOW,7730238.479373108,3023110.863,122,0.22246215829775257,15
ATM00185,UNION,26.699454,75.485853,Jodhpur,Rajasthan,9657,MEDIUM,7670772.046169499,2963639.394,129,0.16657870374335493,20
ATM00186,CANARA,26.632945,75.450055,Jodhpur,Rajasthan,10537,MEDIUM,7667134.300992151,2956256.895,96,0.09811243185988171,20
ATM00187,UNION,26.62851,75.915405,Jodhpur,Rajasthan,7491,MEDIUM,7714422.54944958,2955764.61,48,1.0,10
ATM00188,UNION,26.612232,75.660583,Jodhpur,Rajasthan,7805,HIGH,7688527.876518627,2953957.752,185,0.05210032176884518,17
ATM00189,CANARA,27.153813,75.45359,Jodhpur,Rajasthan,7873,LOW,7667493.522993433,3014073.243,69,0.12313695527345186,11
ATM00190,AXIS,27.132528,75.634598,Jodhpur,Rajasthan,14260,MEDIUM,7685887.315357852,3011710.608,80,0.3176024194255781,20
ATM00191,UNION,26.645115,75.925016,Jodhpur,Rajasthan,8439,MEDIUM,7715399.206494651,2957607.765,48,1.0,10
ATM00192,PNB,27.00266,76.05153,Jodhpur,Rajasthan,7706,LOW,7728255.391012419,2997295.26,171,0.10598242517614387,19
ATM00193,PNB,27.07695,75.999737,Udaipur,Rajasthan,4341,LOW,7722992.255195602,3005541.45,78,0.768298257659186,10
ATM00194,KOTAK,26.759824,75.561508,Udaipur,Rajasthan,9349,LOW,7678460.006708978,2970340.4639999997,147,0.3060122021790795,11
ATM00195,ICICI,27.08783,76.002084,Udaipur,Rajasthan,4288,LOW,7723230.7542159725,3006749.13,78,0.768298257659186,10
ATM00196,ICICI,27.255754,75.726132,Udaipur,Rajasthan,12073,LOW,7695188.8787709875,3025388.694,46,0.2012931586302884,10
ATM00197,BOB,26.822813,75.980789,Udaipur,Rajasthan,7178,LOW,7721066.784621257,2977332.243,168,0.171034846595158,20
ATM00198,CANARA,26.800962,76.08883,Udaipur,Rajasthan,7312,LOW,7732045.767433311,2974906.7819999997,114,0.5845239704569918,10
ATM00199,BOB,27.163289,75.737596,Udaipur,Rajasthan,6881,HIGH,7696353.835213053,3015125.079,72,0.15249890854612574,17
ATM00200,IDBI,27.08801,75.96548,Udaipur,Rajasthan,11895,LOW,7719511.104389959,3006769.11,78,0.768298257659186,10
ATM00201,IDBI,26.634587,76.069087,Kota,Rajasthan,6732,LOW,7730039.510015679,2956439.157,187,0.14324056686887407,10
ATM00202,KOTAK,26.916077,76.01582,Kota,Rajasthan,5392,MEDIUM,7724626.588278102,2987684.5470000003,164,0.16437273078640555,11
ATM00203,BOB,26.786435,76.064166,Kota,Rajasthan,9318,MEDIUM,7729539.444536665,2973294.285,114,0.5845239704569918,10
ATM00204,UNION,26.834841,75.444886,Kota,Rajasthan,13605,MEDIUM,7666609.034082777,2978667.3510000003,140,0.09082493829059528,21
ATM00205,AXIS,27.196167,75.501201,Kota,Rajasthan,8499,LOW,7672331.689528958,3018774.537,179,0.23759258844407388,15
ATM00206,BOB,26.78592,76.102343,Kota,Rajasthan,8456,LOW,7733418.940531851,2973237.12,114,0.5845239704569918,10
ATM00207,KOTAK,27.227825,75.838707,Kota,Rajasthan,11458,MEDIUM,7706628.600636453,3022288.5749999997,53,0.23228178083865547,18
ATM00208,BOB,27.004686,75.751212,Kota,Rajasthan,12364,LOW,7697737.475034685,2997520.1459999997,13,0.09958729078472689,20
ATM00209,CANARA,26.767648,75.667365,Bikaner,Rajasthan,2591,HIGH,7689217.054344001,2971208.9280000003,70,0.21031849361198918,9
ATM00210,UNION,27.033163,75.963962,Bikaner,Rajasthan,941,HIGH,7719356.847247682,3000681.093,47,0.15737572233228894,19
ATM00211,IDBI,27.116505,75.990033,Bikaner,Rajasthan,9746,MEDIUM,7722006.147614146,3009932.055,78,0.768298257659186,10
ATM00212,HDFC,26.626244,75.783394,Bikaner,Rajasthan,11030,LOW,7701007.767098417,2955513.084,4,0.49150860676943187,21
ATM00213,CANARA,26.602691,75.82197,Bikaner,Rajasthan,3477,LOW,7704927.80894325,2952898.701,4,0.49150860676943187,21
ATM00214,BOB,26.871471,76.058693,Bikaner,Rajasthan,5863,LOW,7728983.28555137,2982733.281,29,0.32801172038740706,18
ATM00215,KOTAK,26.808041,75.519247,Bikaner,Rajasthan,6029,MEDIUM,7674165.500062239,2975692.551,88,0.22713857349561303,22
ATM00216,BOB,26.662494,75.970357,Bikaner,Rajasthan,5058,MEDIUM,7720006.698647458,2959536.834,48,1.0,10
ATM00217,BOB,26.995153,75.508086,Ajmer,Rajasthan,4633,MEDIUM,7673031.334077426,2996461.983,158,0.15046914899424202,11
ATM00218,CANARA,26.621275,75.927978,Ajmer,Rajasthan,817,MEDIUM,7715700.200997565,2954961.525,48,1.0,10
ATM00219,SBI,26.613334,76.012602,Ajmer,Rajasthan,6233,LOW,7724299.579395463,2954080.074,49,0.08722887242507299,20
ATM00220,HDFC,27.05677,75.494244,Ajmer,Rajasthan,13299,HIGH,7671624.7284361925,3003301.47,3,0.051000251641761585,20
ATM00221,SBI,26.621786,76.127948,Ajmer,Rajasthan,12857,LOW,7736020.88659772,2955018.246,1,0.09341334864768448,10
ATM00222,AXIS,26.82439,75.69675,Ajmer,Rajasthan,3766,MEDIUM,7692203.118985499,2977507.29,142,0.09253243902824983,19
ATM00223,IDBI,27.13136,76.100374,Ajmer,Rajasthan,2996,LOW,7733218.853369042,3011580.96,38,0.10601775816454515,19
ATM00224,CANARA,27.252601,75.964665,Ajmer,Rajasthan,11468,LOW,7719428.285173255,3025038.7109999997,165,0.11581841923373679,19
ATM00225,AXIS,26.825782,75.495751,Alwar,Rajasthan,8119,MEDIUM,7671777.8677730905,2977661.802,88,0.22713857349561303,22
ATM00226,KOTAK,27.106403,75.828183,Alwar,Rajasthan,3249,MEDIUM,7705559.16574494,3008810.733,6,0.37921303625632946,20
ATM00227,HDFC,26.859355,76.071748,Alwar,Rajasthan,13243,MEDIUM,7730309.917298681,2981388.4050000003,29,0.32801172038740706,18
ATM00228,PNB,26.640238,75.782138,Alwar,Rajasthan,2271,MEDIUM,7700880.13404789,2957066.418,4,0.49150860676943187,21
ATM00229,PNB,26.570348,75.765362,Alwar,Rajasthan,9933,MEDIUM,7699175.379226525,2949308.628,94,0.08396206253312267,22
ATM00230,BOB,26.601812,75.520473,Alwar,Rajasthan,6998,HIGH,7674290.084552642,2952801.1319999998,186,0.09630761051178605,17
ATM00231,AXIS,26.644668,75.891747,Alwar,Rajasthan,1745,MEDIUM,7712018.454935759,2957558.148,48,1.0,10
ATM00232,AXIS,27.084631,75.845658,Alwar,Rajasthan,2169,MEDIUM,7707334.952017195,3006394.041,6,0.37921303625632946,20
ATM00233,PNB,28.937421,77.121409,New Delhi,Delhi,14431,MEDIUM,7836975.072910745,3212053.731,50,0.12777172234507234,11
ATM00234,HDFC,28.463898,77.467019,New Delhi,Delhi,13545,HIGH,7872095.501726414,3159492.678,126,0.34521754408605565,17
ATM00235,SBI,28.420417,77.533256,New Delhi,Delhi,6188,MEDIUM,7878826.417624286,3154666.287,103,0.29003063100861787,11
ATM00236,KOTAK,28.272408,77.537915,New Delhi,Delhi,1629,MEDIUM,7879299.85901155,3138237.2879999997,148,0.2399171679534749,11
ATM00237,KOTAK,28.294112,77.4828,New Delhi,Delhi,707,MEDIUM,7873699.1459703315,3140646.432,160,0.3490546532590443,16
ATM00238,CANARA,28.633291,77.554075,New Delhi,Delhi,2229,LOW,7880942.016731701,3178295.301,138,0.09499162269260517,11
ATM00239,KOTAK,28.315558,77.246698,New Delhi,Delhi,10913,HIGH,7849706.77455678,3143026.938,141,0.2741850589717413,16
ATM00240,CANARA,28.942412,77.225168,New Delhi,Delhi,12088,LOW,7847518.924574426,3212607.7320000003,58,0.5685898454997704,18
ATM00241,ICICI,28.704479,77.346024,South Delhi,Delhi,12522,MEDIUM,7859800.1506528,3186197.1689999998,128,0.09238907044984546,11
ATM00242,PNB,28.582079,77.298291,South Delhi,Delhi,10591,MEDIUM,7854949.586639438,3172610.769,91,0.33740094691363515,19
ATM00243,UNION,28.67292,77.489811,South Delhi,Delhi,13191,LOW,7874411.5944713205,3182694.12,39,0.05290234380945794,17
ATM00244,BOB,28.295712,77.055674,South Delhi,Delhi,14028,MEDIUM,7830295.169585614,3140824.032,139,0.0971292658109967,10
ATM00245,PNB,28.929188,77.482185,South Delhi,Delhi,5780,HIGH,7873636.650487789,3211139.868,34,0.7132796125248937,22
ATM00246,HDFC,28.58286,77.293093,South Delhi,Delhi,5069,HIGH,7854421.372788611,3172697.46,91,0.33740094691363515,19
ATM00247,AXIS,28.458067,76.990685,South Delhi,Delhi,12795,LOW,7823691.073788903,3158845.437,63,0.09302746763657226,19
ATM00248,IDBI,28.588489,77.106347,South Delhi,Delhi,11447,LOW,7835444.492491134,3173322.279,134,0.057296403447426356,17
ATM00249,SBI,28.672459,76.913414,North Delhi,Delhi,8598,HIGH,7815838.897477409,3182642.949,161,0.2102825475647181,17
ATM00250,ICICI,28.945976,77.549348,North Delhi,Delhi,8488,LOW,7880461.665274822,3213003.336,24,0.13320937816486586,20
ATM00251,PNB,28.752613,77.234267,North Delhi,Delhi,6076,LOW,7848443.552860049,3191540.043,71,0.19301715068445738,21
ATM00252,IDBI,28.480569,77.428657,North Delhi,Delhi,11988,HIGH,7868197.206277132,3161343.159,126,0.34521754408605565,17
ATM00253,UNION,28.743212,76.972832,North Delhi,Delhi,666,MEDIUM,7821876.875659086,3190496.532,159,0.21080424453005658,17
ATM00254,AXIS,28.901549,77.434776,North Delhi,Delhi,1902,LOW,7868819.010923766,3208071.939,34,0.7132796125248937,22
ATM00255,BOB,28.92876,77.367004,North Delhi,Delhi,8504,MEDIUM,7861932.110366213,3211092.36,31,0.07121309766208946,10
ATM00256,AXIS,28.693291,77.15177,North Delhi,Delhi,11814,LOW,7840060.317374946,3184955.301,41,0.7158896736480388,16
ATM00257,CANARA,28.91681,77.465245,East Delhi,Delhi,7842,MEDIUM,7871915.230204413,3209765.91,34,0.7132796125248937,22
ATM00258,HDFC,28.295553,76.877457,East Delhi,Delhi,5320,LOW,7812184.994931404,3140806.3830000004,17,0.18897563910863047,19
ATM00259,AXIS,28.527424,77.426387,East Delhi,Delhi,5516,MEDIUM,7867966.531894413,3166544.064,173,0.22865012282306887,21
ATM00260,KOTAK,28.954993,76.964292,East Delhi,Delhi,8253,MEDIUM,7821009.052210442,3214004.223,163,0.1383426381947501,22
ATM00261,KOTAK,28.679792,77.125624,East Delhi,Delhi,7471,HIGH,7837403.395608173,3183456.912,41,0.7158896736480388,16
ATM00262,UNION,28.94284,77.448483,East Delhi,Delhi,5919,LOW,7870211.89804444,3212655.24,34,0.7132796125248937,22
ATM00263,CANARA,28.85073,77.187085,East Delhi,Delhi,4938,LOW,7843648.980734297,3202431.03,145,0.11848494461097893,10
ATM00264,AXIS,28.554274,77.050385,East Delhi,Delhi,2476,MEDIUM,7829757.708435747,3169524.414,2,0.30142336289788274,18
ATM00265,KOTAK,28.303363,77.464306,West Delhi,Delhi,2458,MEDIUM,7871819.81027253,3141673.293,160,0.3490546532590443,16
ATM00266,ICICI,28.832931,77.558802,West Delhi,Delhi,3638,LOW,7881422.36818858,3200455.341,156,0.15354893517234292,9
ATM00267,CANARA,28.961546,77.247802,West Delhi,Delhi,5030,MEDIUM,7849818.961569345,3214731.6059999997,58,0.5685898454997704,18
ATM00268,UNION,28.802191,77.520336,West Delhi,Delhi,10277,LOW,7877513.504397533,3197043.201,117,0.2640964018673499,17
ATM00269,HDFC,28.858653,77.032144,West Delhi,Delhi,14141,LOW,7827904.082261658,3203310.483,127,0.1077328497335352,21
ATM00270,AXIS,28.579281,76.949412,West Delhi,Delhi,6412,LOW,7819496.966388917,3172300.191,178,0.22347901226940942,11
ATM00271,SBI,28.931736,77.283322,West Delhi,Delhi,12100,MEDIUM,7853428.456756211,3211422.696,58,0.5685898454997704,18
ATM00272,PNB,28.42395,77.32919,West Delhi,Delhi,1245,HIGH,7858089.501948529,3155058.45,36,0.1656668074696305,18
ATM00273,UNION,28.69659,77.109714,Dwarka,Delhi,5286,MEDIUM,7835786.642555722,3185321.49,41,0.7158896736480388,16
ATM00274,ICICI,28.34339,77.329101,Dwarka,Delhi,10950,HIGH,7858080.457886827,3146116.29,146,0.11015895921992992,15
ATM00275,CANARA,28.628115,77.399623,Dwarka,Delhi,2180,HIGH,7865246.809789085,3177720.765,85,0.16462392014568947,10
ATM00276,IDBI,28.628014,77.455527,Dwarka,Delhi,5158,LOW,7870927.699961565,3177709.554,79,0.1279940116536918,21
ATM00277,CANARA,28.650235,77.251657,Dwarka,Delhi,6082,LOW,7850210.701545284,3180176.085,21,0.16383910569716617,22
ATM00278,SBI,28.877558,77.141438,Dwarka,Delhi,4636,HIGH,7839010.393268225,3205408.938,118,0.05915203547669611,17
ATM00279,CANARA,28.357711,76.879148,Dwarka,Delhi,2369,MEDIUM,7812356.832103728,3147705.9209999996,100,0.15387356166597296,11
ATM00280,BOB,28.792496,77.293217,Dwarka,Delhi,8556,LOW,7854433.973503791,3195967.056,42,0.18767990179059524,21
